City_ID,City,Lat,Lng,Max Temp,Humidity,Cloudiness,Wind Speed,Country,Date
0,port-aux-francais,-49.35,70.2167,41.88,89,100,17.94,TF,1699827893
1,malvan,16.0667,73.4667,79.5,72,100,4.72,IN,1699828220
2,isafjordur,66.0755,-23.124,35.56,82,100,3.91,IS,1699827896
3,hithadhoo,-0.6,73.0833,80.89,80,90,5.59,MV,1699827877
4,bilibino,68.0546,166.4372,8.91,95,100,4.65,RU,1699827878
5,phrai bueng,14.7483,104.3626,78.12,93,28,4.12,TH,1699828221
6,hammerfest,70.6634,23.6821,21.65,58,0,3.44,NO,1699827791
7,belonia,23.2528,91.4514,63.91,90,22,3.74,IN,1699828222
8,kayes,14.0,-11.0,85.21,17,100,3.98,ML,1699828222
9,katsuura,35.1333,140.3,48.22,83,62,19.44,JP,1699828222
10,new plymouth,-39.0667,174.0833,58.32,68,22,12.12,NZ,1699827919
11,lihue,21.9789,-159.3672,83.44,72,75,18.41,US,1699827641
12,songea,-10.6833,35.65,65.08,93,55,4.09,TZ,1699828223
13,ghanzi,-21.5667,21.7833,82.08,29,47,7.81,BW,1699828223
14,mathba,22.2855,89.9629,66.02,89,12,5.59,BD,1699828223
15,grytviken,-54.2811,-36.5092,38.34,87,100,4.07,GS,1699827894
16,adamstown,-25.066,-130.1015,73.09,83,100,18.92,PN,1699827893
17,yellowknife,62.456,-114.3525,19.42,98,100,20.71,CA,1699827895
18,edinburgh of the seven seas,-37.0676,-12.3116,57.34,82,7,20.65,SH,1699827896
19,ar rass,25.8694,43.4973,73.17,28,96,9.17,SA,1699827913
20,puerto ayora,-0.7393,-90.3518,82.36,88,49,5.99,EC,1699827659
21,asau,46.4333,26.4,43.72,88,42,5.99,RO,1699828224
22,waitangi,-43.9535,-176.5597,54.5,84,56,18.66,NZ,1699827893
23,luganville,-15.5333,167.1667,78.35,70,100,14.32,VU,1699828224
24,talnakh,69.4865,88.3972,27.21,96,100,10.0,RU,1699827904
25,alo,7.4178,6.7371,78.76,84,26,3.96,NG,1699827736
26,torghay,49.6339,63.4981,38.86,90,15,4.97,KZ,1699828225
27,ushuaia,-54.8,-68.3,51.46,46,40,13.8,AR,1699827868
28,hawaiian paradise park,19.5933,-154.9731,78.31,84,100,9.22,US,1699827896
29,avarua,-21.2078,-159.775,75.25,57,75,9.22,CK,1699827915
30,bredasdorp,-34.5322,20.0403,56.34,84,1,0.87,ZA,1699827876
31,albany,42.6001,-73.9662,35.67,66,6,1.72,US,1699827728
32,georgievka,49.3314,81.5761,33.98,92,91,8.81,KZ,1699828225
33,guerrero negro,27.9769,-114.0611,78.82,24,0,8.79,MX,1699827873
34,hermanus,-34.4187,19.2345,58.86,82,1,8.28,ZA,1699827884
35,tiksi,71.6872,128.8694,3.51,89,100,15.3,RU,1699827899
36,usinsk,65.9939,57.5281,5.07,100,59,5.01,RU,1699827928
37,ongjin,37.9347,125.3619,36.55,64,5,16.17,KP,1699828226
38,arno,60.1167,18.6333,37.78,97,100,11.34,SE,1699828226
39,tazovsky,67.4667,78.7,21.49,94,100,13.94,RU,1699827901
40,stanley,54.868,-1.6985,43.72,96,75,8.05,GB,1699827894
41,qaqortoq,60.7167,-46.0333,18.95,86,6,0.18,GL,1699827895
42,iqaluit,63.7506,-68.5145,-0.31,70,20,13.8,CA,1699827599
43,polyarnyy,69.1989,33.4478,16.52,96,91,9.53,RU,1699827933
44,chonchi,-42.6128,-73.8092,51.01,59,94,2.24,CL,1699827892
45,bubaque,11.2833,-15.8333,82.98,68,13,11.79,GW,1699828227
46,arac,41.2422,33.3277,51.17,92,100,1.25,TR,1699828227
47,papatowai,-46.5619,169.4708,54.86,91,100,2.73,NZ,1699827886
48,uturoa,-16.7333,-151.4333,81.52,78,8,8.57,PF,1699827661
49,sandnessjoen,66.0217,12.6316,18.12,64,35,15.95,NO,1699828227
50,susuman,62.7833,148.1667,-27.85,98,100,0.51,RU,1699827896
51,uttar char fasson,22.2332,90.7132,71.53,80,15,9.64,BD,1699828228
52,nemuro,43.3236,145.575,40.41,54,69,14.92,JP,1699828228
53,neiafu,-18.65,-173.9833,77.68,94,100,12.66,TO,1699828228
54,anadyr,64.75,177.4833,30.7,80,40,15.66,RU,1699827646
55,atafu village,-8.5421,-172.5159,83.91,70,84,0.98,TK,1699827648
56,fortuna,40.5982,-124.1573,64.92,72,0,0.0,US,1699827648
57,badger,64.8,-147.5333,19.27,88,100,3.44,US,1699827598
58,visby,57.6409,18.296,41.22,87,100,12.66,SE,1699827897
59,wagar,16.1525,36.2032,83.25,53,27,12.59,SD,1699828228
60,port lincoln,-34.7333,135.8667,58.82,73,88,12.28,AU,1699827918
61,kodiak,57.79,-152.4072,38.71,60,0,6.91,US,1699827896
62,lazaro cardenas,17.9583,-102.2,85.5,69,15,9.98,MX,1699827959
63,ordubad,38.9059,46.0234,60.04,46,97,4.83,AZ,1699828229
64,petropavlovsk-kamchatsky,53.0452,158.6483,26.46,74,75,28.01,RU,1699827894
65,jamestown,42.097,-79.2353,41.02,59,0,6.91,US,1699827852
66,cidreira,-30.1811,-50.2056,67.48,97,100,8.12,BR,1699827919
67,mangai,-4.05,19.5333,68.07,92,100,1.9,CD,1699828229
68,leava,-14.3,-178.1667,82.45,83,95,20.13,WF,1699828229
69,dudinka,69.4058,86.1778,30.67,98,100,17.0,RU,1699827937
70,houlton,46.1262,-67.8403,30.61,67,100,5.75,US,1699828229
71,ilulissat,69.2167,-51.1,14.02,57,75,4.61,GL,1699827898
72,parkes,-33.1333,148.1833,71.82,22,8,7.16,AU,1699828230
73,punta arenas,-53.15,-70.9167,53.71,50,75,27.63,CL,1699827894
74,oruro,-17.9833,-67.15,52.41,63,85,7.83,BO,1699828230
75,longyearbyen,78.2186,15.6401,26.44,93,75,10.36,SJ,1699827667
76,taoudenni,22.6783,-3.9836,81.97,15,0,13.67,ML,1699827910
77,puerto natales,-51.7236,-72.4875,49.15,69,89,7.83,CL,1699827874
78,ouesso,1.6136,16.0517,70.45,99,72,2.44,CG,1699828230
79,vallenar,-28.5708,-70.7581,65.03,44,3,6.51,CL,1699828230
80,saipan,15.1355,145.701,84.9,79,75,14.97,MP,1699827927
81,acapulco de juarez,16.8634,-99.8901,87.62,70,0,12.66,MX,1699827926
82,mugia,43.1041,-9.2179,67.15,96,87,26.66,ES,1699828120
83,whitehorse,60.7161,-135.0538,27.37,86,75,9.22,CA,1699827912
84,murzuq,25.9155,13.9184,69.15,28,0,7.72,LY,1699828133
85,manoharpur,27.3,75.95,60.66,55,8,2.93,IN,1699828231
86,kill devil hills,36.0307,-75.676,55.98,68,100,19.57,US,1699828096
87,itoman,26.1247,127.6694,68.02,77,75,20.71,JP,1699827905
88,isola di capo rizzuto,38.96,17.0933,62.19,76,42,15.55,IT,1699828231
89,mitu,1.1983,-70.1733,79.88,78,99,0.96,CO,1699828231
90,bamboo flat,11.7,92.7167,81.66,79,93,6.6,IN,1699827901
91,gornopravdinsk,60.05,69.9,28.22,98,88,5.48,RU,1699828232
92,belleville,44.1788,-77.3705,35.46,76,20,5.75,CA,1699828232
93,houmt el souk,33.8758,10.8575,66.15,68,20,8.05,TN,1699828232
94,hasaki,35.7333,140.8333,46.29,82,93,23.49,JP,1699827898
95,carolina beach,34.0352,-77.8936,53.1,92,100,4.0,US,1699828119
96,egilsstadir,65.2653,-14.3948,28.31,86,75,10.36,IS,1699827902
97,tual,-5.6667,132.75,82.18,78,60,12.19,ID,1699828232
98,boende,-0.2167,20.8667,69.46,99,93,1.34,CD,1699828233
99,east ballina,-28.8667,153.5833,77.79,77,22,9.06,AU,1699828233
100,richards bay,-28.783,32.0377,66.92,82,100,8.93,ZA,1699827942
101,quezon,7.7303,125.0989,71.19,92,5,2.08,PH,1699827933
102,xiangyang,32.0422,112.1448,43.9,76,99,2.51,CN,1699828233
103,nova sintra,14.8667,-24.7167,74.52,70,28,10.98,CV,1699827661
104,bethel,41.3712,-73.414,39.65,62,0,3.44,US,1699827878
105,takoradi,4.8845,-1.7554,79.86,84,4,7.0,GH,1699827928
106,invercargill,-46.4,168.35,53.02,95,100,5.99,NZ,1699827824
107,safi,32.1667,-8.8333,67.37,41,86,6.87,MA,1699828233
108,ghat,24.9647,10.1728,68.74,27,0,6.58,LY,1699827936
109,dunedin,-45.8742,170.5036,67.06,68,100,5.99,NZ,1699827597
110,el calafate,-50.3408,-72.2768,48.65,64,89,8.48,AR,1699828234
111,kerikeri,-35.2268,173.9474,64.85,54,0,4.32,NZ,1699827939
112,san antonio de pale,-1.4014,5.6325,79.27,85,93,13.53,GQ,1699828234
113,hamilton,39.1834,-84.5333,56.64,48,0,5.75,US,1699827894
114,najran,17.4924,44.1277,65.05,49,54,4.05,SA,1699828234
115,kimbe,-5.5502,150.1429,81.43,66,90,3.76,PG,1699827636
116,west island,-12.1568,96.8225,78.78,89,75,8.05,CC,1699827896
117,blackmans bay,-43.0167,147.3167,57.52,53,8,6.29,AU,1699827866
118,vadso,70.0744,29.7487,24.96,86,20,13.8,NO,1699828234
119,necochea,-38.5473,-58.7368,54.5,43,97,9.15,AR,1699827935
120,alofi,-19.0595,-169.9187,75.09,88,100,12.66,NU,1699828234
121,argo,37.6333,22.7333,61.99,83,75,5.7,GR,1699828234
122,karratha,-20.7377,116.8463,70.74,62,4,11.23,AU,1699827905
123,mpika,-11.8343,31.4529,63.23,87,89,0.67,ZM,1699828235
124,margaret river,-33.95,115.0667,58.28,86,100,13.91,AU,1699827598
125,ust-nera,64.5667,143.2,-14.1,99,100,2.42,RU,1699827863
126,klimovo,52.3805,32.1923,39.72,97,100,18.86,RU,1699828235
127,malango,-2.9627,119.9001,65.95,96,92,2.55,ID,1699827633
128,udachny,66.4167,112.4,7.45,84,100,6.46,RU,1699827636
129,college,64.8569,-147.8028,19.35,87,100,3.44,US,1699827894
130,goondiwindi,-28.55,150.3167,79.86,43,1,11.99,AU,1699827903
131,mana,5.6592,-53.7767,80.06,86,39,12.68,GF,1699827899
132,port mathurin,-19.6833,63.4167,76.78,82,0,5.86,MU,1699827627
133,dazhou,31.2159,107.5009,47.35,88,100,3.83,CN,1699828236
134,ancud,-41.8697,-73.8203,48.85,58,31,9.95,CL,1699827643
135,takab,36.4009,47.1133,45.16,54,78,1.07,IR,1699828236
136,narvik,68.4384,17.4272,27.81,64,4,6.29,NO,1699828236
137,vorgashor,67.5833,63.95,13.05,96,49,10.36,RU,1699827692
138,gobabis,-22.45,18.9667,73.15,43,98,20.83,NA,1699828236
139,sussex,41.1834,-74.6663,39.09,70,0,0.0,US,1699828237
140,weyburn,49.6668,-103.8511,46.62,49,20,12.66,CA,1699828237
141,st. john's,47.5649,-52.7093,32.97,90,100,10.36,CA,1699827808
142,olonkinbyen,70.9221,-8.7187,26.37,67,97,3.89,SJ,1699827641
143,dwarka,22.2394,68.9678,79.07,41,100,9.22,IN,1699827659
144,hadibu,12.65,54.0333,80.38,81,75,12.5,YE,1699827895
145,montecristo,8.2971,-74.4733,78.96,98,99,0.16,CO,1699828237
146,afaahiti,-17.75,-149.2833,84.07,84,30,9.98,PF,1699827896
147,mokhsogollokh,61.4681,128.9203,5.99,90,100,10.11,RU,1699828237
148,inhambane,-23.865,35.3833,72.63,85,27,8.23,MZ,1699827660
149,tazacorte,28.629,-17.9293,75.15,39,100,8.05,ES,1699827901
150,sosnovka,56.255,51.2842,36.36,84,100,13.02,RU,1699828237
151,alice springs,-23.7,133.8833,80.15,54,48,11.5,AU,1699827741
152,bang mun nak,16.0278,100.3792,74.25,94,86,1.97,TH,1699828237
153,drayton valley,53.2168,-114.9854,40.59,30,0,4.36,CA,1699828238
154,zaozersk,69.4005,32.4476,14.13,98,98,7.58,RU,1699828238
155,bardai,11.65,7.2333,73.76,24,2,6.73,NG,1699827861
156,taro,-8.3862,115.28,71.6,90,20,1.39,ID,1699828238
157,cabo san lucas,22.8909,-109.9124,85.3,61,20,10.36,MX,1699827694
158,champerico,14.3,-91.9167,83.19,79,16,4.92,GT,1699828238
159,quellon,-43.1167,-73.6167,47.64,72,99,7.09,CL,1699827914
160,nar'yan-mar,67.6713,53.087,17.11,94,27,5.99,RU,1699827910
161,east london,-33.0153,27.9116,59.65,69,1,9.86,ZA,1699827899
162,howrah,22.5892,88.3103,71.6,83,24,5.75,IN,1699828167
163,novyy urgal,51.0736,132.5642,5.74,93,76,1.25,RU,1699828239
164,baiti,13.745,-14.7482,85.14,19,100,4.03,SN,1699828239
165,lubuklinggau,-3.3,102.8667,73.71,97,100,2.15,ID,1699828239
166,troitsk,54.0979,61.5773,37.92,80,74,5.28,RU,1699828239
167,kampot,10.6167,104.1833,80.65,91,97,4.09,KH,1699828239
168,kaiapoi,-43.3783,172.6401,73.74,38,74,20.71,NZ,1699828239
169,thompson,55.7435,-97.8558,30.36,93,100,2.3,CA,1699827867
170,sur,22.5667,59.5289,77.56,56,100,1.61,OM,1699827921
171,kruisfontein,-34.0033,24.7314,53.28,85,2,8.41,ZA,1699827903
172,sitka,57.0531,-135.33,44.49,70,0,4.61,US,1699827635
173,fada,9.5667,8.3,72.16,55,30,2.39,NG,1699828240
174,noumea,-22.2763,166.4572,76.98,66,96,24.72,NC,1699828240
175,nizhniy kuranakh,58.8353,125.4869,8.62,95,100,6.22,RU,1699827935
176,tadine,-21.55,167.8833,73.6,61,98,20.22,NC,1699828040
177,thief river falls,48.1191,-96.1812,48.13,61,0,18.41,US,1699828240
178,wailua homesteads,22.0669,-159.378,82.83,78,75,18.41,US,1699827896
179,crane,31.3974,-102.3501,59.95,66,100,9.26,US,1699827942
180,forster,-32.1667,152.5167,70.38,73,100,11.7,AU,1699828241
181,lycksele,64.5954,18.6735,19.27,93,75,10.36,SE,1699828241
182,huarmey,-10.0681,-78.1522,71.17,77,75,10.58,PE,1699828164
183,newman,37.3138,-121.0208,76.28,23,78,6.2,US,1699827717
184,general mosconi,-23.1851,-62.303,102.13,25,39,11.3,AR,1699828241
185,georgetown,5.4112,100.3354,81.01,94,20,2.3,MY,1699827705
186,bandipura,34.4167,74.65,43.03,50,4,6.22,IN,1699828241
187,tamanrasset,22.785,5.5228,64.31,15,0,9.22,DZ,1699828241
188,bikenibeu village,1.3673,173.1241,82.36,83,100,3.44,KI,1699827913
189,laguna,38.421,-121.4238,76.17,32,0,10.36,US,1699827710
190,namibe,-15.1961,12.1522,71.74,78,87,3.74,AO,1699827652
191,hazard,37.2495,-83.1932,65.89,52,0,4.45,US,1699827679
192,anatuya,-28.4606,-62.8347,73.29,58,97,17.76,AR,1699828242
193,siwa oasis,29.2041,25.5195,71.28,45,0,4.52,EG,1699828242
194,carnarvon,-24.8667,113.6333,68.59,85,16,5.7,AU,1699827898
195,tabas,33.5959,56.9244,61.99,32,77,1.36,IR,1699828242
196,port alfred,-33.5906,26.891,58.17,89,16,1.99,ZA,1699827933
197,ola,59.5833,151.2833,11.41,65,100,14.52,RU,1699827897
198,thunder bay,48.4001,-89.3168,42.78,81,75,5.75,CA,1699828242
199,szydlowiec,51.2282,20.8611,42.4,76,99,10.92,PL,1699828243
200,fale old settlement,-9.3852,-171.2468,83.77,72,59,1.57,TK,1699827895
201,toledo,39.8333,-4.0,59.11,88,97,5.99,ES,1699828124
202,talcahuano,-36.7167,-73.1167,56.88,54,0,17.27,CL,1699827899
203,aripuana,-9.1667,-60.6333,82.99,62,68,2.35,BR,1699828244
204,sodra sandby,56.5667,16.6167,41.9,92,99,7.36,SE,1699828244
205,parthenay,46.6667,-0.4167,58.95,92,100,15.52,FR,1699828245
206,arraial do cabo,-22.9661,-42.0278,80.46,78,0,1.14,BR,1699827896
207,oodweyne,9.4092,45.064,75.07,61,73,6.06,SO,1699828246
208,micco,27.8806,-80.5003,76.01,87,92,5.99,US,1699828246
209,saudarkrokur,65.7461,-19.6394,31.82,56,100,5.01,IS,1699828246
210,kyren,51.6828,102.1408,14.95,74,39,1.99,RU,1699828246
211,klyuchi,52.2667,79.1667,40.59,87,99,9.62,RU,1699828247
212,plouguerneau,48.6,-4.5,59.38,100,100,27.63,FR,1699828248
213,qamdo,31.1667,97.2333,14.65,51,1,3.65,CN,1699828248
214,lago da pedra,-4.3333,-45.1667,86.54,44,25,8.21,BR,1699828248
215,al ain city,24.1917,55.7606,74.82,20,0,6.91,AE,1699828248
216,kavaratti,10.5669,72.642,81.75,76,80,5.82,IN,1699827639
217,juneau,58.3019,-134.4197,42.8,90,20,4.61,US,1699828113
218,minot air force base,48.4209,-101.3391,53.78,46,0,20.71,US,1699828248
219,greenville,35.6127,-77.3663,53.76,92,100,4.61,US,1699827861
220,tura,25.5198,90.2201,63.91,86,0,4.32,IN,1699827922
221,sanming,26.2486,117.6186,57.36,92,97,2.89,CN,1699828249
222,znamenskoye,57.1281,73.8282,32.97,99,100,3.74,RU,1699828249
223,kurumkan,54.3,110.3,16.12,84,66,1.01,RU,1699828249
224,palora,-1.7,-77.9333,75.31,96,89,1.88,EC,1699828249
225,gallup,35.5281,-108.7426,60.64,17,0,11.5,US,1699828249
226,itamaraca,-7.7478,-34.8256,80.65,69,0,8.43,BR,1699828147
227,figuig (centre),32.1089,-1.2286,65.01,27,99,1.99,MA,1699828249
228,fang,19.9169,99.2145,69.37,97,99,0.2,TH,1699828249
229,amos,48.5669,-78.1162,23.05,94,89,5.46,CA,1699828250
230,bulgan,48.8125,103.5347,8.67,77,86,3.38,MN,1699828250
231,kupang,-10.1667,123.5833,81.18,89,20,5.75,ID,1699828250
232,fort bragg,35.139,-79.006,59.14,57,0,5.75,US,1699827727
233,kone,-21.0595,164.8658,77.86,46,16,6.29,NC,1699827899
234,chom thong,18.4174,98.6743,75.45,95,91,1.19,TH,1699828178
235,ocean city,39.2776,-74.5746,45.99,72,19,5.99,US,1699828250
236,tofol,5.3248,163.0078,82.18,78,100,6.91,FM,1699828250
237,flin flon,54.7682,-101.865,33.64,93,100,5.75,CA,1699828250
238,ribeira grande,38.5167,-28.7,64.78,87,100,7.0,PT,1699827898
239,dikhil,11.5,42.1667,74.35,75,7,8.77,DJ,1699828250
240,kailua-kona,19.6406,-155.9956,83.28,75,40,10.36,US,1699827914
241,bandarbeyla,9.4942,50.8122,80.33,83,41,15.17,SO,1699827929
242,north platte,41.1239,-100.7654,66.09,21,0,3.44,US,1699828250
243,remire-montjoly,4.9167,-52.2667,81.07,83,72,11.3,GF,1699827634
244,arawa,-6.2132,155.5367,85.21,66,52,4.38,PG,1699828251
245,horovice,49.836,13.9027,38.55,100,99,4.23,CZ,1699828251
246,syriam,16.7722,96.2378,78.91,94,75,4.61,MM,1699828251
247,mejit,10.2753,170.8646,82.4,81,87,18.05,MH,1699827931
248,toliara,-23.35,43.6667,75.69,75,0,1.34,MG,1699828251
249,portland,45.5234,-122.6762,60.62,76,75,13.8,US,1699827702
250,upington,-28.4478,21.2561,70.18,18,1,3.44,ZA,1699828251
251,pathein,16.7833,94.7333,76.57,91,100,4.32,MM,1699828251
252,harper,4.375,-7.7169,78.85,88,33,7.87,LR,1699827900
253,mili,6.0815,171.735,84.0,81,100,17.72,MH,1699828251
254,sisimiut,66.9395,-53.6735,17.2,83,93,8.5,GL,1699827914
255,sao paulo de olivenca,-3.3783,-68.8725,76.19,95,74,2.48,BR,1699828251
256,huilong,31.8111,121.655,43.54,68,87,18.75,CN,1699827660
257,sam phran,13.727,100.2153,80.58,93,89,5.73,TH,1699828252
258,myitkyina,25.3833,97.4,61.84,75,0,2.53,MM,1699828003
259,geraldton,-28.7667,114.6,63.01,88,0,8.05,AU,1699827917
260,sabha,27.0377,14.4283,68.02,37,0,7.16,LY,1699828252
261,yunyang,33.4474,112.7142,41.76,64,100,1.16,CN,1699828252
262,ambanja,-13.6833,48.45,81.16,75,0,3.4,MG,1699828252
263,horsham,51.064,-0.3272,53.02,87,100,2.3,GB,1699828039
264,hirara,24.8,125.2833,71.46,78,75,26.46,JP,1699828252
265,sos'va,59.1766,61.8558,35.06,90,53,5.99,RU,1699828252
266,vytegra,61.0064,36.4481,38.35,89,100,11.99,RU,1699828252
267,puerto aysen,-45.4,-72.7,42.8,100,100,5.19,CL,1699828252
268,weno,7.4515,151.8468,78.75,100,100,4.61,FM,1699828252
269,abagur,53.7308,87.2526,29.48,96,100,3.29,RU,1699828252
270,tevriz,57.509,72.4042,33.93,99,100,3.94,RU,1699827668
271,kapuskasing,49.4169,-82.4331,33.89,93,100,14.97,CA,1699827915
272,san patricio,28.017,-97.5169,62.55,95,100,12.1,US,1699827913
273,jeddah,21.5169,39.2192,84.06,61,20,2.3,SA,1699828253
274,gaigeturi,33.4644,126.3183,48.25,57,75,18.41,KR,1699828253
275,lee-on-the-solent,50.8017,-1.2017,54.01,95,100,10.11,GB,1699828253
276,krutinka,56.0055,71.5113,38.55,95,100,8.81,RU,1699828253
277,margate,51.3813,1.3862,51.91,94,100,4.0,GB,1699827746
278,san luis de la loma,17.2706,-100.8939,85.93,70,52,4.83,MX,1699827929
279,charters towers,-20.1,146.2667,73.94,58,0,8.68,AU,1699827998
280,tchintabaraden,15.8969,5.7985,77.5,14,0,10.54,NE,1699828253
281,yuzhno-kurilsk,44.0306,145.8556,36.37,80,57,4.27,RU,1699827924
282,namtsy,62.7161,129.6658,1.78,93,73,9.69,RU,1699828253
283,praia da vitoria,38.7333,-27.0667,65.75,100,75,11.79,PT,1699827975
284,biltine,14.5333,20.9167,85.6,21,96,6.71,TD,1699828253
285,antsiranana,-12.2787,49.2917,76.66,78,29,13.0,MG,1699828253
286,mangrol,21.1167,70.1167,77.07,31,96,9.73,IN,1699828253
287,chulym,55.0997,80.9572,35.13,99,100,3.06,RU,1699828253
288,chibougamau,49.9168,-74.3659,22.62,93,100,3.44,CA,1699827895
289,vilyuchinsk,52.9306,158.4028,27.93,77,43,7.2,RU,1699827898
290,tsiombe,-25.3,45.4833,71.38,68,0,3.89,MG,1699827897
291,kulhudhuffushi,6.6221,73.07,81.86,75,77,6.46,MV,1699828254
292,masterton,-40.9597,175.6575,58.89,60,84,12.44,NZ,1699828254
293,the pas,53.8251,-101.2541,33.82,93,75,9.22,CA,1699828254
294,emporia,38.4039,-96.1817,71.8,33,0,11.5,US,1699828254
295,shasta lake,40.6804,-122.3708,66.56,47,98,3.87,US,1699828254
296,port saint john's,-31.6229,29.5448,64.36,68,67,9.17,ZA,1699827919
297,mil'kovo,55.6078,37.7956,45.41,89,100,13.0,RU,1699827906
298,mabaruma,8.2,-59.7833,77.5,87,98,4.47,GY,1699828254
299,faya-largeau,17.9257,19.1043,80.55,19,6,13.71,TD,1699827904
300,chilecito,-29.1619,-67.4974,71.31,36,1,23.55,AR,1699828254
301,mushie,-3.0167,16.9,70.97,98,100,1.7,CD,1699828254
302,westport,41.1415,-73.3579,42.21,61,0,4.61,US,1699827916
303,broken hill,-31.95,141.4333,64.54,33,43,11.23,AU,1699827903
304,saint-joseph,-21.3667,55.6167,68.38,82,35,6.26,RE,1699827900
305,aoulef,26.9667,1.0833,74.08,26,2,10.83,DZ,1699828254
306,bandundu,-3.3167,17.3667,70.38,95,99,1.92,CD,1699827909
307,belmonte,-15.8631,-38.8828,76.86,77,4,8.25,BR,1699828254
308,chela,34.069,104.4619,28.92,84,6,1.48,CN,1699828255
309,chodziez,52.995,16.9198,41.02,92,100,5.93,PL,1699828255
310,nikolayevsk-on-amure,53.1406,140.73,17.83,91,88,10.04,RU,1699827676
311,haiku-pauwela,20.9219,-156.3051,82.42,60,20,25.32,US,1699827899
312,port elizabeth,-33.918,25.5701,59.29,79,0,4.61,ZA,1699827901
313,colonia,50.9333,6.95,44.74,87,75,4.61,DE,1699828255
314,enewetak,11.3474,162.3373,81.73,83,100,21.88,MH,1699827920
315,touros,-5.1989,-35.4608,78.17,76,0,13.58,BR,1699827940
316,contai,21.7786,87.7536,68.18,69,3,7.76,IN,1699828255
317,lata,40.1629,-8.3327,63.81,97,76,4.9,PT,1699828255
318,alta,69.9689,23.2717,22.26,68,0,2.3,NO,1699828255
319,al mijlad,11.0333,27.7333,87.22,42,49,4.32,SD,1699828255
320,tshabong,-26.05,22.45,73.72,13,0,9.13,BW,1699828255
321,hastings,50.8552,0.5729,53.78,89,97,15.77,GB,1699828255
322,ceeldheer,3.8488,47.1806,79.86,84,100,8.21,SO,1699827921
323,pisco,-13.7,-76.2167,71.65,78,0,20.71,PE,1699827916
324,luderitz,-26.6481,15.1594,64.56,59,0,20.74,NA,1699827911
325,chester,40.1254,-75.8749,41.92,67,0,1.01,US,1699828016
326,kingston,17.997,-76.7936,88.75,72,20,18.41,JM,1699827653
327,salym,60.0625,71.4789,32.49,83,97,8.95,RU,1699828256
328,dondo,-19.6094,34.7431,71.11,93,0,1.32,MZ,1699828256
329,holualoa,19.6228,-155.9522,79.56,75,40,10.36,US,1699827893
330,bafq,31.6128,55.4107,60.84,30,50,1.25,IR,1699828256
331,constantia,44.1833,28.65,45.7,47,99,9.06,RO,1699827658
332,nichinan,31.6,131.3667,47.88,55,8,11.32,JP,1699828256
333,kyzyl-mazhalyk,51.1333,90.6,6.91,94,100,1.01,RU,1699828256
334,namikupa,-10.8333,39.6,74.17,92,84,3.27,TZ,1699828256
335,klaksvik,62.2266,-6.589,43.72,74,98,20.98,FO,1699828256
336,bereeda,11.8704,51.0579,80.4,78,21,9.71,SO,1699828256
337,ternopil,49.5559,25.6056,38.97,84,100,13.71,UA,1699828256
338,prado,-17.3411,-39.2208,77.2,80,51,16.98,BR,1699827942
339,usol'ye,59.4268,56.6808,32.16,87,100,4.03,RU,1699828256
340,tralee,52.2704,-9.7026,50.32,97,97,5.93,IE,1699827903
341,ambon,-3.6954,128.1814,77.14,94,20,4.61,ID,1699828257
342,al kharijah,25.4514,30.5464,76.24,46,26,8.01,EG,1699828257
343,kingscliff,-28.2667,153.5667,76.95,57,12,12.66,AU,1699827923
344,grand falls-windsor,48.9332,-55.6649,28.51,75,25,5.99,CA,1699827896
345,mpwapwa,-6.35,36.4833,69.93,81,100,3.29,TZ,1699828257
346,qandala,11.472,49.8728,80.33,83,19,7.99,SO,1699828257
347,kirakira,-10.4544,161.9205,80.28,81,100,4.94,SB,1699827914
348,date,42.4681,140.8681,35.29,77,49,11.39,JP,1699827913
349,extrema,-22.8547,-46.3183,75.79,46,100,3.74,BR,1699828257
350,sinabang,2.4803,96.3801,78.57,85,100,4.09,ID,1699827899
351,alaghsas,17.0187,8.0168,76.66,14,0,12.82,NE,1699828008
352,joshimath,30.5667,79.5667,50.45,32,0,7.31,IN,1699828257
353,copala,16.65,-98.9833,85.39,71,8,8.52,MX,1699828132
354,krems an der donau,48.4092,15.6142,38.88,91,100,3.38,AT,1699828257
355,khawr fakkan,25.3313,56.342,73.45,51,38,3.22,AE,1699828257
356,sabang,5.8933,95.3214,82.18,73,99,8.21,ID,1699828257
357,rio gallegos,-51.6226,-69.2181,60.85,29,75,8.05,AR,1699828256
358,selkirk,50.1436,-96.8845,44.67,86,77,15.52,CA,1699828257
359,nouadhibou,20.931,-17.0347,71.58,68,0,11.5,MR,1699828099
360,acarau,-2.8856,-40.12,79.77,74,0,15.57,BR,1699827656
361,woolgoolga,-30.1106,153.2007,73.04,78,59,15.46,AU,1699828258
362,tangalle,6.024,80.7911,75.22,94,100,5.28,LK,1699827973
363,merizo village,13.2658,144.6691,84.97,86,44,20.49,GU,1699828258
364,vila franca do campo,37.7167,-25.4333,68.41,94,100,15.73,PT,1699827907
365,qarqaraly,49.4058,75.4742,31.23,95,88,8.46,KZ,1699828258
366,hilo,19.7297,-155.09,81.28,80,100,9.22,US,1699828000
367,maun,-19.9833,23.4167,81.34,22,53,5.88,BW,1699828258
368,borongan,11.6333,125.4333,80.11,86,64,3.98,PH,1699828258
369,san,13.3034,-4.8956,83.79,9,73,9.64,ML,1699828258
370,new norfolk,-42.7826,147.0587,58.71,53,15,7.38,AU,1699827893
371,mount pearl,47.5166,-52.7813,32.14,90,100,10.36,CA,1699827911
372,broome,42.2506,-75.833,37.71,75,100,6.91,US,1699827926
373,devils lake,48.1128,-98.8651,49.98,56,0,14.97,US,1699828258
374,szarvas,46.8667,20.55,39.24,72,13,5.53,HU,1699828258
375,san julian,21.0167,-102.1667,70.5,48,91,1.32,MX,1699828103
376,bolobo,-2.1667,16.2333,70.39,93,89,3.11,CD,1699828258
377,boyolangu,-8.1181,111.8935,76.96,93,58,2.24,ID,1699828258
378,padang,-0.9492,100.3543,75.25,91,100,2.66,ID,1699828258
379,paita,-5.0892,-81.1144,71.29,76,18,19.06,PE,1699827916
380,igarka,67.4667,86.5833,30.02,98,100,13.13,RU,1699827898
381,pacific grove,36.6177,-121.9166,72.64,70,0,14.97,US,1699827923
382,umri,26.5106,78.9367,64.87,50,1,2.35,IN,1699828259
383,yukhnov,54.7444,35.2297,43.38,93,100,6.98,RU,1699828259
384,rio grande,-32.035,-52.0986,62.71,89,100,10.54,BR,1699827915
385,kapa'a,22.0752,-159.319,84.18,78,75,18.41,US,1699827915
386,ordynskoye,54.3656,81.8994,38.64,97,100,13.22,RU,1699828259
387,prince rupert,54.3161,-130.3201,44.69,65,100,12.66,CA,1699827926
388,xianning,29.8833,114.2167,46.47,66,100,6.29,CN,1699828259
389,eisen,36.8217,128.6308,28.98,55,1,3.74,KR,1699828259
390,lautoka,-17.6167,177.4667,78.66,83,75,5.75,FJ,1699828259
391,riosucio,5.4216,-75.7032,65.01,98,98,1.66,CO,1699828259
392,birao,10.2849,22.7882,78.69,66,88,5.59,CF,1699828259
393,vilhena,-12.7406,-60.1458,74.23,84,94,2.84,BR,1699828259
394,redding,40.5865,-122.3917,67.21,46,0,4.61,US,1699827974
395,price,39.5994,-110.8107,54.66,15,0,4.61,US,1699828259
396,san carlos,9.6612,-68.5827,78.24,86,100,1.9,VE,1699828260
397,cambridge,43.3601,-80.3127,41.29,77,0,9.22,CA,1699827910
398,happy valley-goose bay,53.3168,-60.3315,26.91,68,20,11.5,CA,1699827894
399,paraguacu,-21.5472,-45.7375,79.32,33,49,4.29,BR,1699828260
400,sabancuy,18.9667,-91.1833,81.1,86,88,8.28,MX,1699828260
401,korla,41.7597,86.1469,38.12,69,5,5.26,CN,1699828260
402,los chavez,34.727,-106.7384,66.97,32,0,2.91,US,1699828260
403,tambura,5.6,27.4667,72.9,83,8,4.05,SS,1699827970
404,antigonish,45.6169,-61.9986,39.38,89,100,3.0,CA,1699828260
405,aasiaat,68.7098,-52.8699,5.5,85,74,5.17,GL,1699827905
406,menaka,15.9182,2.4022,81.09,12,0,9.71,ML,1699828260
407,tara,56.8944,74.371,32.14,98,93,3.83,RU,1699828260
408,paphos,34.7667,32.4167,65.98,82,76,9.22,CY,1699828212
409,natal,-5.795,-35.2094,79.45,73,20,9.22,BR,1699827921
410,noosa heads,-26.3833,153.15,78.12,61,52,7.87,AU,1699828260
411,los altos,37.3852,-122.1141,80.47,41,0,10.36,US,1699828224
412,port augusta,-32.5,137.7667,68.25,32,99,9.13,AU,1699827669
413,kizhinga,51.8462,109.9097,6.26,96,36,2.13,RU,1699828261
414,dryden,49.7833,-92.7503,32.29,100,100,9.22,CA,1699828261
415,iskateley,67.6803,53.1512,17.02,94,28,5.99,RU,1699827920
416,clearlake,38.9582,-122.6264,69.58,43,83,7.67,US,1699828261
417,timimoun,29.2639,0.231,68.38,32,0,3.44,DZ,1699828261
418,gadzhiyevo,69.2551,33.3362,16.16,97,92,9.01,RU,1699827906
419,dera bugti,29.0307,69.151,63.54,30,36,2.86,PK,1699828261
420,gislaved,57.3044,13.5408,39.6,85,98,3.78,SE,1699828261
421,ebon,4.582,168.6964,82.74,83,100,14.25,MH,1699828261
422,kayangel,8.0823,134.7173,84.99,73,100,17.72,PW,1699828261
423,nuuk,64.1835,-51.7216,21.81,73,91,2.3,GL,1699827918
424,mahina,-17.5065,-149.489,85.77,70,75,11.5,PF,1699827735
425,griffith,41.5284,-87.4237,57.13,43,0,11.5,US,1699828261
426,kinablangan,7.6947,126.5503,80.92,81,33,4.65,PH,1699828262
427,lospalos,-8.5186,127.0025,79.14,69,24,4.99,TL,1699828262
428,dogonbadan,30.3586,50.7981,59.09,51,0,0.0,IR,1699828262
429,amuntai,-2.4177,115.2494,74.71,98,93,1.23,ID,1699828262
430,palmer,42.1584,-72.3287,37.81,65,18,2.51,US,1699827899
431,vila velha,-20.3297,-40.2925,80.55,86,0,9.22,BR,1699827939
432,villanueva,15.3167,-88.0,83.39,74,40,8.05,HN,1699828262
433,rio pomba,-21.2747,-43.1792,79.54,54,44,1.39,BR,1699828262
434,sao vicente,-23.9631,-46.3919,97.27,56,44,7.0,BR,1699827729
435,kirensk,57.7853,108.1119,12.96,91,96,3.0,RU,1699828141
436,selfoss,63.9331,-20.9971,38.05,65,100,16.15,IS,1699828263
437,yarmouth,41.7057,-70.2286,41.97,68,100,8.99,US,1699827900
438,lebu,-37.6167,-73.65,50.9,62,2,18.68,CL,1699827647
439,persembe,41.0656,37.7714,63.82,92,95,8.12,TR,1699828263
440,waingapu,-9.6567,120.2641,81.77,76,100,3.6,ID,1699828263
441,kamina,-8.7386,24.9906,64.09,98,77,3.44,CD,1699828263
442,kudahuvadhoo,2.6708,72.8944,82.04,72,65,3.74,MV,1699828111
443,nadi,-17.8,177.4167,78.8,83,75,5.75,FJ,1699827650
444,damara,4.9608,18.7035,72.45,95,100,3.83,CF,1699828263
445,ganjam,19.3833,85.0667,73.51,81,74,5.64,IN,1699828263
446,beloyarskiy,63.7119,66.6722,12.0,94,32,5.01,RU,1699828264
447,cambria,35.5641,-121.0808,81.34,47,56,1.99,US,1699828264
448,la gi,10.6667,107.7833,76.46,89,39,7.54,VN,1699827922
449,kunigal,13.0222,77.0267,62.55,89,98,6.17,IN,1699828264
450,severo-yeniseyskiy,60.3725,93.0408,24.58,98,100,1.99,RU,1699828264
451,saint-philippe,-21.3585,55.7679,69.39,83,59,6.67,RE,1699827920
452,saldanha,-33.0117,17.9442,59.05,85,0,20.47,ZA,1699827938
453,keetmanshoop,-26.5833,18.1333,72.52,17,0,2.3,NA,1699828264
454,santa maria,-29.6842,-53.8069,69.57,98,97,9.46,BR,1699828264
455,castillos,-34.1667,-53.8333,61.93,81,91,7.31,UY,1699827897
456,knezevo,44.4908,17.3775,39.67,89,99,4.03,BA,1699828265
457,es castell,39.8795,4.2854,63.28,100,0,4.61,ES,1699828265
458,kemijarvi,66.7131,27.4306,13.46,99,100,5.82,FI,1699828265
459,pindiga,9.9833,10.9333,77.94,26,35,3.78,NG,1699828265
460,manado,1.487,124.8455,75.97,94,20,2.3,ID,1699828265
461,mo i rana,66.3128,14.1428,23.47,63,0,3.44,NO,1699828265
462,enoch,37.7733,-113.0244,63.14,16,0,14.97,US,1699828265
463,el porvenir,13.7617,-87.3458,81.73,77,66,4.59,HN,1699828266
464,antofagasta,-23.65,-70.4,63.68,69,27,11.12,CL,1699827739
465,sola,-13.8833,167.55,78.51,79,97,31.03,VU,1699827905
466,andergrove,-21.0833,149.1833,80.65,54,30,11.68,AU,1699828266
467,ibiruba,-28.6275,-53.0897,71.28,97,91,6.46,BR,1699828266
468,naze,28.3667,129.4833,61.72,68,73,19.1,JP,1699827927
469,bodaybo,57.8506,114.1933,-11.0,98,55,1.63,RU,1699828183
470,banposh,22.25,84.8,67.82,72,50,2.95,IN,1699828266
471,muroto-misakicho,33.2833,134.15,54.09,59,3,20.13,JP,1699828266
472,akureyri,65.6835,-18.0878,21.13,93,0,3.44,IS,1699828267
473,whangarei,-35.7317,174.3239,67.39,33,0,2.75,NZ,1699828018
474,papao,-17.75,-149.55,85.68,79,44,1.52,PF,1699827917
475,hryhoriopol,47.1536,29.2964,42.39,81,89,8.34,MD,1699828267
476,arroio grande,-32.2375,-53.0869,63.14,95,100,6.6,BR,1699828267
477,opuwo,-18.0607,13.84,76.33,37,81,6.29,NA,1699828187
478,adam,22.3756,57.5233,69.48,57,40,2.82,OM,1699828262
479,san pedro de macoris,18.4616,-69.2972,84.81,89,13,10.4,DO,1699828268
480,verdal,63.7933,11.4817,26.64,71,13,5.08,NO,1699828268
481,mayfield,36.7417,-88.6367,64.15,48,37,4.03,US,1699828268
482,codo,-4.4553,-43.8856,86.38,36,4,5.93,BR,1699828268
483,cartagena del chaira,1.3349,-74.8429,76.15,95,71,0.56,CO,1699828268
484,alenquer,-1.9417,-54.7383,86.38,50,54,3.47,BR,1699828268
485,wau,7.7029,27.9953,81.27,59,78,1.45,SS,1699827927
486,lunavada,23.1333,73.6167,67.26,34,76,7.65,IN,1699828269
487,aguadilla,18.4275,-67.1541,83.93,85,0,14.97,PR,1699828269
488,kristiansund,63.1115,7.732,34.45,75,0,4.61,NO,1699828269
489,mayahi,13.9553,7.6712,78.17,13,15,11.56,NE,1699828155
490,nagqu,31.5,92.0,9.88,47,0,3.04,CN,1699827928
491,kolonia,50.9333,6.95,44.74,87,75,4.61,DE,1699828255
492,semenivka,52.1783,32.5818,40.44,96,100,19.33,UA,1699828269
493,turpan,42.9333,89.1667,41.04,32,7,1.57,CN,1699828269
494,yonago,35.4333,133.3333,44.47,100,75,8.05,JP,1699828269
495,columbia,34.0007,-81.0348,59.16,66,0,5.75,US,1699828057
496,reidsville,36.3549,-79.6645,56.32,47,0,0.0,US,1699828270
497,dire dawa,9.5931,41.8661,69.71,76,46,1.05,ET,1699828270
498,bonthe,7.5264,-12.505,79.77,84,69,5.99,SL,1699827893
499,kuanda,56.3161,116.0806,-0.92,94,56,1.01,RU,1699828270
500,kidal,18.4411,1.4078,78.62,12,0,10.67,ML,1699828270
501,lubango,-14.9172,13.4925,66.06,72,75,3.44,AO,1699828270
502,christchurch,-43.5333,172.6333,73.6,38,50,20.71,NZ,1699828197
503,pailon,-17.65,-62.75,96.48,26,86,12.21,BO,1699828213
504,bernal,-5.45,-80.75,77.04,59,4,20.54,PE,1699828270
505,mehtar lam,34.6714,70.2094,58.51,25,1,3.47,AF,1699828271
506,honiara,-9.4333,159.95,83.12,76,73,1.77,SB,1699828271
507,chengdu,30.6667,104.0667,51.85,66,0,6.71,CN,1699828271
508,altamira,-3.2033,-52.2064,85.06,49,100,3.51,BR,1699828271
509,warren,39.4334,-84.1666,54.72,52,0,4.61,US,1699828159
510,murmashi,68.8154,32.8115,-7.19,84,0,2.24,RU,1699828271
511,kavieng,-2.5744,150.7967,82.15,72,100,5.61,PG,1699827929
512,oranjemund,-28.55,16.4333,58.32,86,1,17.92,NA,1699828271
513,seririt,-8.1928,114.9388,79.27,85,17,4.92,ID,1699828271
514,utrik,11.2278,169.8474,82.53,81,100,17.49,MH,1699827682
515,maamba,-17.3667,27.15,78.08,31,41,4.03,ZM,1699828272
516,cuito,-12.3833,16.9333,59.95,97,100,1.36,AO,1699828272
517,sawakin,19.1059,37.3321,83.46,74,86,1.88,SD,1699828272
518,clearwater,27.9659,-82.8001,82.38,77,0,11.01,US,1699828028
519,flying fish cove,-10.4217,105.6791,78.48,83,100,10.36,CX,1699827665
520,zeya,53.75,127.2667,25.48,42,6,7.99,RU,1699828272
521,gornyatskiy,48.2915,40.9575,49.06,71,65,17.72,RU,1699828272
522,zhangjiakou shi xuanhua qu,40.6103,115.0447,21.76,50,9,4.03,CN,1699828272
523,darwin,-12.4611,130.8418,83.95,77,40,0.0,AU,1699827896
524,laojunmiao,39.8333,97.7333,28.26,43,2,3.98,CN,1699828272
525,al ghayzah,16.2079,52.176,79.95,69,0,3.2,YE,1699827925
526,rongelap,11.1635,166.8941,82.2,82,100,19.42,MH,1699827893
527,lunca,43.8333,24.7667,45.28,55,99,1.72,RO,1699828272
528,yamada,39.4667,141.95,42.69,72,59,5.48,JP,1699828273
529,codrington,-38.2667,141.9667,59.05,54,21,10.13,AU,1699828273
530,willemstad,12.1084,-68.9335,80.51,94,20,11.5,CW,1699828273
531,keflavik,64.0049,-22.5624,39.11,70,0,19.57,IS,1699827898
532,tommot,58.9564,126.2925,9.79,93,100,9.48,RU,1699828273
533,jagdalpur,19.0667,82.0333,63.25,79,53,2.21,IN,1699828273
534,assab,13.0092,42.7394,81.68,80,20,20.71,ER,1699828273
535,khovd,48.0056,91.6419,23.04,90,97,0.96,MN,1699827928
536,gizo,-8.103,156.8419,82.11,74,87,10.96,SB,1699828274
537,cianorte,-23.6633,-52.605,85.37,39,78,7.23,BR,1699828274
538,smithers,54.7804,-127.1743,30.52,93,100,4.61,CA,1699828274
539,nguigmi,14.2495,13.1092,79.21,22,4,11.79,NE,1699828274
540,markala,13.7021,-6.0659,81.05,11,24,9.78,ML,1699828274
541,ouargla,31.9493,5.325,62.67,48,0,0.0,DZ,1699828274
542,suva,-18.1416,178.4415,76.48,94,75,12.66,FJ,1699827930
543,hoemul-li,41.4339,129.67,32.36,35,10,3.38,KP,1699828274
544,luwuk,-0.9516,122.7875,81.34,77,74,4.18,ID,1699828274
545,xiongzhou,25.1167,114.3,54.28,81,100,5.26,CN,1699828145
546,mount isa,-20.7333,139.5,83.97,51,40,3.44,AU,1699827879
547,nizhnesortymskiy,62.4397,71.7603,25.9,92,99,11.81,RU,1699828274
548,lompoc,34.6391,-120.4579,83.79,24,0,8.05,US,1699827908
549,sarmiento,-45.5882,-69.07,55.92,34,3,23.91,AR,1699828275
550,teknaf,20.8624,92.3058,71.73,82,11,4.09,BD,1699828275
551,lodwar,3.1191,35.5973,81.39,60,64,15.95,KE,1699828275
552,vilyuysk,63.7553,121.6247,-7.8,100,49,4.56,RU,1699827646
553,ascension,30.2169,-90.9001,75.2,75,40,0.0,US,1699827922
554,al bardiyah,31.7561,25.0865,68.67,81,7,3.71,LY,1699828275
555,ponta delgada,37.7333,-25.6667,68.72,88,40,14.97,PT,1699827898
556,prince george,53.9166,-122.753,35.62,82,100,8.05,CA,1699828219
557,saint-pierre,-21.3393,55.4781,69.48,68,0,8.05,RE,1699827916
558,vitoria da conquista,-14.8661,-40.8394,72.32,45,5,7.52,BR,1699828275
